sheet_id,user_email,sheet_name,sheet_weight,sheet_pages,upload_date
1,danaz171@icloud.com,sheet_zzqio,372,7,2021-07-17
2,mwilson926@hotmail.com,sheet_sxonp,4247,3,2024-12-31
3,deborahy357@hotmail.com,sheet_okewy,3971,5,2025-07-22
4,dorothyy86@gmail.com,sheet_aovbg,3271,5,2022-04-08
5,jeffrey73@gmail.com,sheet_kzaiq,2281,8,2020-08-10
6,trevorz347@protonmail.com,sheet_ivpxz,734,7,2023-12-09
7,jeffrey73@gmail.com,sheet_yanhc,2070,10,2020-03-10
8,melissadurham135@protonmail.com,sheet_jgjwe,2959,10,2021-07-05
9,kathy458@yahoo.com,sheet_zopnr,1924,9,2022-06-15
10,michaelwright477@yahoo.com,sheet_wqfuu,2260,5,2025-12-12
11,seany968@hotmail.com,sheet_dtctr,3458,8,2021-01-15
12,melinda76379@gmail.com,sheet_tzvjd,1325,8,2022-09-30
13,michaelwright477@yahoo.com,sheet_wveek,109,3,2024-03-13
14,jodyy246@hotmail.com,sheet_cjjva,467,8,2020-07-03
15,melissadurham135@protonmail.com,sheet_tjnvc,370,10,2023-06-14
16,seany968@hotmail.com,sheet_lwzcm,4778,1,2021-07-03
17,andreax476@gmail.com,sheet_xoxcu,4807,4,2021-01-21
18,thunt695@gmail.com,sheet_peflj,3110,5,2021-11-02
19,waynebriggs381@hotmail.com,sheet_jnisy,755,9,2025-07-27
20,andreax476@gmail.com,sheet_wkccu,2714,7,2020-09-10
21,thomas648@icloud.com,sheet_oivcy,4929,9,2020-02-11
22,toddy778@gmail.com,sheet_ddcnn,4896,1,2020-11-15
23,christopher226@hotmail.com,sheet_qsvaq,408,8,2020-03-11
24,evanscraig185@icloud.com,sheet_gjsim,3209,3,2022-01-19
25,,sheet_sdpze,681,8,2020-12-28
26,christopher226@hotmail.com,sheet_aioys,1181,9,2024-08-23
27,seany968@hotmail.com,sheet_ouxxb,2976,3,2023-09-06
28,evanscraig185@icloud.com,sheet_soknk,2978,2,2023-12-08
29,jodyy246@hotmail.com,sheet_qzafu,569,4,2023-09-18
30,matthewharris801@protonmail.com,sheet_yhknv,451,2,2023-10-14
31,michaelcollins692@yahoo.com,sheet_jjgfv,208,7,2025-05-16
32,reginaldwilliams97@hotmail.com,sheet_vroap,3891,7,2025-03-03
33,jdavidson709@hotmail.com,sheet_tbthf,4987,9,2023-09-21
34,wandaz210@protonmail.com,sheet_bqkmg,1738,9,2023-09-21
35,,sheet_nflxw,3417,10,2020-01-08
36,trevorz347@protonmail.com,sheet_tsggh,2467,1,2025-10-30
37,brettbecker651@gmail.com,sheet_vaymr,2106,4,2022-12-10
38,karen20417@hotmail.com,sheet_rocwp,1590,7,2024-07-03
39,uhouston139@protonmail.com,sheet_mfglq,3667,10,2023-10-07
40,vanessax245@icloud.com,sheet_gqpkd,103,8,2025-02-13
41,christina9263683@hotmail.com,sheet_nvjan,928,8,2020-02-14
42,meghan7149423@protonmail.com,sheet_rbawq,3939,7,2024-04-01
43,christina9263683@hotmail.com,sheet_eoeyu,3339,9,2021-08-08
44,kathy458@yahoo.com,sheet_ggkat,438,4,2022-12-18
45,jeffrey73@gmail.com,sheet_dmdag,3761,8,2025-06-29
46,daniellex905@icloud.com,sheet_bztht,3670,6,2021-09-10
47,stevenperry893@example.org,sheet_hndni,3199,5,2023-04-24
48,karen20417@hotmail.com,sheet_ftsot,4876,3,2024-11-15
49,debrawarren383@icloud.com,sheet_vbzzk,1931,2,2021-06-05
50,vanessax245@icloud.com,sheet_yquoj,2284,9,2023-11-03
51,thunt695@gmail.com,sheet_feyfz,3266,3,2023-06-26
52,jeffrey73@gmail.com,sheet_fwpoj,880,6,2025-03-09
53,thomas648@icloud.com,sheet_xzlpk,4390,1,2025-11-14
54,reginaldwilliams97@hotmail.com,sheet_lhrpc,1487,4,2024-02-01
55,dorothyy86@gmail.com,sheet_gwcmj,1053,2,2023-08-11
56,debrawarren383@icloud.com,sheet_xtlfz,314,9,2020-05-10
57,trevorz347@protonmail.com,sheet_vxwbu,1949,7,2020-10-21
58,michaelcollins692@yahoo.com,sheet_hicyy,1205,4,2023-03-23
59,adam6528491@hotmail.com,sheet_whrha,962,8,2024-07-05
60,stevenperry893@example.org,sheet_tmnma,4594,9,2020-11-28
61,brian8219365@protonmail.com,sheet_nebfv,1842,2,2021-06-20
62,toddy778@gmail.com,sheet_rjfzb,3257,6,2024-02-22
63,michaelwright477@yahoo.com,sheet_igbgi,3548,9,2021-01-02
64,adam6528491@hotmail.com,sheet_lhfco,1463,10,2025-07-06
65,vanessax245@icloud.com,sheet_sqoqc,1396,8,2025-08-26
66,debrawarren383@icloud.com,sheet_pvsvo,192,8,2023-04-04
67,wandaz210@protonmail.com,sheet_dejwo,3147,1,2023-09-26
68,michaelcollins692@yahoo.com,sheet_dpfrb,3750,1,2023-05-05
69,wandaz210@protonmail.com,sheet_wcloc,2067,10,2020-09-15
70,kathy458@yahoo.com,sheet_kcyko,2930,10,2020-03-29
71,stevenperry893@example.org,sheet_nxevw,3607,3,2021-08-20
72,tina8704104@protonmail.com,sheet_fwblk,3156,2,2023-07-27
73,dorothyy86@gmail.com,sheet_pyork,595,10,2021-07-21
74,michaelwright477@yahoo.com,sheet_oxurj,4472,9,2021-09-28
75,dorothyy86@gmail.com,sheet_vqyuc,2843,2,2025-12-15
76,michaelwright477@yahoo.com,sheet_vjrdf,1169,10,2020-01-14
77,danaz171@icloud.com,sheet_ktsmr,770,1,2021-04-15
78,mwilson926@hotmail.com,sheet_satmi,1480,5,2022-11-23
79,waynebriggs381@hotmail.com,sheet_ovecc,1047,8,2021-01-15
80,kathy458@yahoo.com,sheet_zupnt,3175,8,2023-06-21
81,daniellex905@icloud.com,sheet_prdif,1464,5,2023-04-30
82,daniellex905@icloud.com,sheet_xckoc,4340,8,2020-07-21
83,waynebriggs381@hotmail.com,sheet_qlhxn,246,3,2024-09-20
84,michaelwright477@yahoo.com,sheet_oyyau,1126,2,2025-09-21
85,jodyy246@hotmail.com,sheet_bnhte,2127,5,2025-06-22
86,patrick159208@gmail.com,sheet_xbgdc,4806,1,2023-10-12
87,andreax476@gmail.com,sheet_fjmbh,3344,10,2022-06-03
88,anthony356@hotmail.com,sheet_qlmtd,2366,3,2021-02-13
89,jdavidson709@hotmail.com,sheet_flvxu,4435,3,2021-10-01
90,tina8704104@protonmail.com,sheet_mxigk,4709,6,2025-02-15
91,anthony356@hotmail.com,sheet_kxxlm,1827,1,2025-12-21
92,christina9263683@hotmail.com,sheet_xgrir,2931,3,2021-03-06
93,michaelwright477@yahoo.com,sheet_fwumu,1745,9,2022-02-15
94,rachelross693@hotmail.com,sheet_hvrnq,3113,6,2025-06-03
95,brettbecker651@gmail.com,sheet_wkiyd,1310,6,2022-11-04
96,jdavidson709@hotmail.com,sheet_qybfi,2060,7,2023-05-15
97,christina9263683@hotmail.com,sheet_iwgmk,1774,9,2020-02-22
98,waynebriggs381@hotmail.com,sheet_eeexy,1411,8,2021-03-11
99,daniellex905@icloud.com,sheet_aefgg,1121,3,2022-01-10
100,thomas648@icloud.com,sheet_jucxi,4720,10,2020-01-27
101,tina8704104@protonmail.com,sheet_bejyr,4953,9,2025-05-11
102,,sheet_hvbpx,1683,7,2022-09-02
103,josez524@hotmail.com,sheet_humus,4451,4,2024-06-01
104,heidi1115280@hotmail.com,sheet_wxuyr,405,3,2020-05-04
105,seany968@hotmail.com,sheet_ghhqi,2662,7,2024-09-11
106,michaelcollins692@yahoo.com,sheet_cprtm,700,10,2022-01-02
107,josez524@hotmail.com,sheet_cbuis,2167,3,2023-04-14
108,trevorz347@protonmail.com,sheet_uhgeu,4922,7,2022-03-04
109,tburton416@example.org,sheet_uyxjw,967,8,2025-09-24
110,meghan7149423@protonmail.com,sheet_gbhkl,1950,4,2022-08-02
111,patrick159208@gmail.com,sheet_oqrea,4438,3,2022-11-11
112,bakerhannah163@gmail.com,sheet_yjvug,2331,8,2024-12-09
113,karen20417@hotmail.com,sheet_awtqe,4483,6,2025-04-16
114,tina8704104@protonmail.com,sheet_fcxmp,4044,8,2020-06-11
115,patrick159208@gmail.com,sheet_zqeoe,4055,6,2022-02-27
116,brian8219365@protonmail.com,sheet_gdslm,3763,10,2025-08-24
117,tina8704104@protonmail.com,sheet_hzwry,3924,3,2025-02-16
118,burgessjacqueline851@hotmail.com,sheet_wvqim,4013,10,2021-08-08
119,danaz171@icloud.com,sheet_mxrtv,2423,1,2022-02-05
120,josez524@hotmail.com,sheet_ybtjz,4773,3,2021-01-03
121,brettbecker651@gmail.com,sheet_xppjt,2246,2,2025-12-17
122,wandaz210@protonmail.com,sheet_oeirr,806,5,2020-10-08
123,reginaldwilliams97@hotmail.com,sheet_uzgtq,2594,10,2024-08-18
124,rachelross693@hotmail.com,sheet_oqhlr,4637,9,2025-04-08
125,burgessjacqueline851@hotmail.com,sheet_mixkt,2742,8,2021-12-06
