sheet_id,email,sheet_name,file_size,sheet_pages,upload_date
1,janeknight751@gmail.com,sheet_okfuk,100,8,2023-01-05
2,nataliex773@icloud.com,sheet_offzg,1391,5,2020-08-03
3,cindyroberts153@icloud.com,sheet_gotve,3322,2,2024-09-15
4,michaely16@gmail.com,sheet_ipcvo,3380,9,2024-03-22
5,amber7916863@yahoo.com,sheet_gzhbs,2982,9,2020-04-08
6,megan810@hotmail.com,sheet_egqhl,3733,10,2025-01-18
7,nataliex773@icloud.com,sheet_lhvjv,3501,4,2021-03-10
8,sarahkemp884@icloud.com,sheet_jrdxh,4178,4,2021-08-15
9,josephy518@protonmail.com,sheet_tfbej,2967,2,2024-11-18
10,danielle23786@gmail.com,sheet_afssj,2988,10,2024-09-10
11,laura3943450@protonmail.com,sheet_xkzii,4576,5,2023-09-16
12,bethbrewer978@icloud.com,sheet_kszwr,2853,8,2025-09-24
13,barbarax488@example.org,sheet_jbfyl,1699,2,2024-04-27
14,jessegentry723@hotmail.com,sheet_tcpjs,2534,8,2021-10-29
15,leah445@icloud.com,sheet_tamrl,836,6,2020-06-26
16,michael7453721@icloud.com,sheet_rkhii,3092,4,2023-02-07
17,cindyroberts153@icloud.com,sheet_enehr,1961,3,2022-04-01
18,michaely16@gmail.com,sheet_qbnls,3443,5,2023-08-12
19,henry6957438@gmail.com,sheet_qtwws,2144,1,2020-05-31
20,ericx415@protonmail.com,sheet_qyzrh,4186,3,2025-09-12
21,amybrown272@icloud.com,sheet_zylwk,1313,3,2023-09-13
22,kristenpratt871@gmail.com,sheet_rnuqv,897,9,2022-04-20
23,christopherz344@protonmail.com,sheet_jozuj,1422,4,2023-03-04
24,nataliex773@icloud.com,sheet_mnldt,3973,2,2022-03-24
25,ericx415@protonmail.com,sheet_iwvtt,4169,9,2021-04-05
26,ruth876@hotmail.com,sheet_xtgck,2150,6,2020-05-05
27,josephy518@protonmail.com,sheet_qcplb,4445,8,2025-06-16
28,david545@gmail.com,sheet_zdnad,2467,5,2023-05-01
29,heathertaylor722@yahoo.com,sheet_smluu,4405,5,2024-03-05
30,michaely16@gmail.com,sheet_gzngr,120,8,2022-01-30
31,amber7916863@yahoo.com,sheet_khrjv,612,1,2022-11-02
32,kristenpratt871@gmail.com,sheet_uwlwl,3708,7,2024-07-02
33,megan810@hotmail.com,sheet_jxodr,3266,5,2021-04-02
34,sheila327@yahoo.com,sheet_keyus,4043,1,2023-11-08
35,sarahkemp884@icloud.com,sheet_pscaq,381,5,2024-08-29
36,bethbrewer978@icloud.com,sheet_gmbmw,3346,7,2020-11-16
37,henry6957438@gmail.com,sheet_bodyg,2444,2,2025-07-21
38,david545@gmail.com,sheet_yvgfh,504,10,2021-10-09
39,cherylross128@gmail.com,sheet_fccwx,2255,6,2025-10-08
40,sarahkemp884@icloud.com,sheet_tohsh,4275,1,2022-07-03
41,amybrown272@icloud.com,sheet_wayxa,1168,5,2020-08-08
42,josephy518@protonmail.com,sheet_ncqfu,185,3,2023-05-14
43,danielle23786@gmail.com,sheet_hgrbj,2058,2,2023-11-22
44,laura3943450@protonmail.com,sheet_oggvr,3606,5,2022-01-15
45,laura3943450@protonmail.com,sheet_wifvg,513,10,2022-09-13
46,jason3977@protonmail.com,sheet_mwgwf,988,7,2020-08-25
47,asmith792@hotmail.com,sheet_innaw,2440,4,2025-11-21
48,jasonbowers991@icloud.com,sheet_gjkkr,2987,4,2020-06-20
49,ryan938@icloud.com,sheet_slxks,2085,2,2020-12-23
50,diane7036682@gmail.com,sheet_ggbsf,1079,1,2024-01-27
51,cindyterry605@hotmail.com,sheet_shyyh,4328,10,2020-03-24
52,jamesbryant542@protonmail.com,sheet_vlsyf,4289,1,2022-12-05
53,michael7453721@icloud.com,sheet_vbqbv,4211,5,2025-07-21
54,joseph651@hotmail.com,sheet_zhzyn,512,3,2022-06-13
55,jessegentry723@hotmail.com,sheet_ypvad,3697,4,2020-09-07
56,mackenzie1069824@yahoo.com,sheet_srixe,2971,3,2023-10-28
57,amybrown272@icloud.com,sheet_pdmza,3340,8,2022-12-06
58,sarahkemp884@icloud.com,sheet_pkuqe,2543,8,2023-05-01
59,cindyroberts153@icloud.com,sheet_omtkt,1902,7,2023-09-01
60,matthewtorres514@icloud.com,sheet_dicgu,1813,2,2024-10-29
61,bryanknight106@icloud.com,sheet_ienbz,4673,5,2025-03-05
62,asmith792@hotmail.com,sheet_uzsrb,1687,9,2022-10-11
63,ashleyy934@icloud.com,sheet_lmpkz,3052,7,2025-08-16
64,ericx415@protonmail.com,sheet_nandc,2744,1,2021-02-02
65,christopherz344@protonmail.com,sheet_oovzu,1150,4,2022-02-05
66,jessegentry723@hotmail.com,sheet_qavgy,4051,3,2025-05-24
67,matthewtorres514@icloud.com,sheet_pdrfq,3851,5,2025-01-16
68,donnajenkins159@gmail.com,sheet_lznsn,4155,1,2025-08-26
69,heathertaylor722@yahoo.com,sheet_nkbzm,884,1,2020-06-15
70,nataliex773@icloud.com,sheet_tcvas,4414,7,2025-02-10
71,jasonbowers991@icloud.com,sheet_eoctm,3369,3,2024-08-14
72,heathertaylor722@yahoo.com,sheet_koqgd,4245,7,2022-04-21
73,sarahkemp884@icloud.com,sheet_jmkqb,2608,9,2025-05-06
74,michaely16@gmail.com,sheet_ggjdo,785,1,2022-01-18
75,matthewtorres514@icloud.com,sheet_vqpfg,4324,4,2025-11-05
76,bethbrewer978@icloud.com,sheet_njiej,4338,4,2021-08-20
77,jaredshannon343@gmail.com,sheet_lrlju,1455,3,2021-07-17
78,bethbrewer978@icloud.com,sheet_vlhal,4061,5,2020-11-29
79,diane7036682@gmail.com,sheet_pqybz,4367,1,2023-09-22
80,joseph651@hotmail.com,sheet_hzerq,4871,10,2020-08-05
81,donnajenkins159@gmail.com,sheet_xgdib,2939,10,2024-07-09
82,ericx415@protonmail.com,sheet_fwjno,149,9,2022-03-03
83,bethbrewer978@icloud.com,sheet_xgxen,4593,2,2024-06-13
84,nataliex773@icloud.com,sheet_obftm,2150,1,2025-10-29
85,megan810@hotmail.com,sheet_bhaik,2078,7,2022-11-10
86,bethbrewer978@icloud.com,sheet_mrnyf,2854,9,2022-08-13
87,heathertaylor722@yahoo.com,sheet_zhwon,3470,9,2024-02-21
88,gailz689@example.org,sheet_qdktb,510,9,2021-11-21
89,cindyroberts153@icloud.com,sheet_duisj,2249,2,2025-10-19
90,amybrown272@icloud.com,sheet_firsi,2159,7,2025-04-07
91,david545@gmail.com,sheet_wofkw,3771,2,2024-01-20
92,diane7036682@gmail.com,sheet_ryjuv,3240,4,2020-06-02
93,jaredshannon343@gmail.com,sheet_ovusp,770,8,2022-02-22
94,caroline7986112@hotmail.com,sheet_frwif,1175,10,2025-01-21
95,rhonda903@icloud.com,sheet_xrfds,4501,3,2020-05-01
96,christopherz344@protonmail.com,sheet_vilkh,3188,2,2020-08-21
97,caroline7986112@hotmail.com,sheet_rhilm,595,8,2024-08-01
98,jessegentry723@hotmail.com,sheet_axrwy,2397,4,2022-10-02
99,laura3943450@protonmail.com,sheet_lwgsz,4478,9,2023-12-16
100,sheila327@yahoo.com,sheet_wilsg,2352,6,2024-08-05
101,megan810@hotmail.com,sheet_lszmx,2899,5,2025-04-06
102,megan810@hotmail.com,sheet_aaxox,1230,8,2020-12-22
103,jaredshannon343@gmail.com,sheet_qsbip,2291,3,2025-03-21
104,timothyx766@protonmail.com,sheet_zjkyr,1524,6,2021-06-08
105,jason3977@protonmail.com,sheet_bvwii,1171,3,2023-04-26
106,sheila327@yahoo.com,sheet_ntkba,2443,9,2020-01-07
107,jessegentry723@hotmail.com,sheet_qqekd,4936,7,2025-04-22
108,heathertaylor722@yahoo.com,sheet_gkftm,4748,9,2025-04-12
109,timothyx766@protonmail.com,sheet_afvab,3475,6,2021-04-20
110,bethbrewer978@icloud.com,sheet_bpfer,1353,5,2022-09-24
111,danielle23786@gmail.com,sheet_nrelz,1542,4,2023-11-29
112,sarahkemp884@icloud.com,sheet_hzpty,1820,4,2020-09-01
113,jaredshannon343@gmail.com,sheet_wcltl,228,4,2022-10-23
114,bethbrewer978@icloud.com,sheet_qszfb,3998,8,2024-05-04
115,christopherz344@protonmail.com,sheet_ixlvl,2095,10,2020-06-20
116,laura3943450@protonmail.com,sheet_naskx,3140,2,2023-01-18
117,amber7916863@yahoo.com,sheet_btqzm,209,2,2025-08-13
118,miranda3251459@icloud.com,sheet_tbten,4016,4,2024-10-18
119,leah445@icloud.com,sheet_qsiqy,2572,10,2021-06-21
120,cindyterry605@hotmail.com,sheet_vopht,134,6,2024-11-30
121,kristenpratt871@gmail.com,sheet_dxiyn,190,5,2022-03-24
122,amber7916863@yahoo.com,sheet_goryb,4330,3,2022-04-25
123,heathertaylor722@yahoo.com,sheet_koxrv,1522,6,2020-07-19
124,jordan889@example.org,sheet_rlntr,4843,1,2024-10-02
125,josephy518@protonmail.com,sheet_jqqwj,2188,3,2021-06-23
